id,first_name,last_name,email,gender,language
1,Anya,Simonelli,asimonelli0@amazon.co.uk,Female,Tsonga
2,Milty,Forrestill,mforrestill1@yelp.com,Male,West Frisian
3,Carmella,Hinzer,chinzer2@storify.com,Female,Fijian
4,Griffie,McKeevers,gmckeevers3@toplist.cz,Male,Albanian
5,Kaitlyn,Senter,ksenter4@amazon.co.uk,Female,Aymara
6,Danielle,Risby,drisby5@wikipedia.org,Female,Kashmiri
7,Clayborn,Fearnall,cfearnall6@aboutads.info,Male,Swati
8,Ber,Blaver,bblaver7@noaa.gov,Male,Kannada
9,Garrek,Blackah,gblackah8@tiny.cc,Male,Oriya
10,Jessy,Harcourt,jharcourt9@lulu.com,Female,New Zealand Sign Language
11,Cleve,Khoter,ckhotera@hatena.ne.jp,Male,Tswana
12,Jeni,Waiting,jwaitingb@themeforest.net,Female,Filipino
13,Axel,Vasilenko,avasilenkoc@ycombinator.com,Male,Montenegrin
14,Winston,De Vaan,wdevaand@tumblr.com,Male,Swahili
15,Jeri,Mewhirter,jmewhirtere@skype.com,Female,Khmer
16,Krishnah,Fragino,kfraginof@cdc.gov,Male,Punjabi
17,Gypsy,Phillpotts,gphillpottsg@illinois.edu,Female,Portuguese
18,Gasper,Hrinishin,ghrinishinh@vkontakte.ru,Male,Armenian
19,Gareth,De La Hay,gdelahayi@spotify.com,Male,Lao
20,Alisander,Buist,abuistj@census.gov,Male,Tswana
21,Alex,Crickmoor,acrickmoork@com.com,Male,Ndebele
22,Merrill,Simononsky,msimononskyl@facebook.com,Female,Greek
23,Weber,Harwell,wharwellm@army.mil,Male,Kannada
24,Abie,Pettifer,apettifern@bbb.org,Male,Montenegrin
25,Aurora,Halbeard,ahalbeardo@digg.com,Female,Burmese
26,Elwin,Tevlin,etevlinp@mashable.com,Male,Zulu
27,Katheryn,Glancey,kglanceyq@reddit.com,Female,Lao
28,Welsh,Stetlye,wstetlyer@cocolog-nifty.com,Male,Greek
29,Ellery,Dockreay,edockreays@smugmug.com,Male,Macedonian
30,Nikola,Burril,nburrilt@economist.com,Male,Finnish
31,Elsi,Crocken,ecrockenu@hp.com,Female,Burmese
32,Mel,Stille,mstillev@yahoo.co.jp,Female,Azeri
33,Hollyanne,Foden,hfodenw@aol.com,Female,Haitian Creole
34,Constantine,Mc Combe,cmccombex@earthlink.net,Male,Guaraní
35,Lawrence,Harrington,lharringtony@wikispaces.com,Male,Telugu
36,Enos,Davids,edavidsz@mapy.cz,Male,Tok Pisin
37,Bone,Bilofsky,bbilofsky10@xinhuanet.com,Male,Indonesian
38,Mellisent,Hoofe,mhoofe11@ihg.com,Female,Korean
39,Gar,Franklin,gfranklin12@adobe.com,Male,Moldovan
40,Jonathan,Jayme,jjayme13@dot.gov,Male,Burmese
41,Roselia,Crenage,rcrenage14@cbsnews.com,Female,Dutch
42,Cletus,Michie,cmichie15@rediff.com,Male,Romanian
43,Jordanna,Youtead,jyoutead16@hugedomains.com,Female,Polish
44,Helge,Baldam,hbaldam17@unc.edu,Female,Punjabi
45,Zita,Barhem,zbarhem18@deviantart.com,Female,Kyrgyz
46,Betteanne,Macak,bmacak19@baidu.com,Female,Moldovan
47,Putnam,Lunnon,plunnon1a@joomla.org,Male,Romanian
48,Prinz,Kirkbride,pkirkbride1b@columbia.edu,Male,Marathi
49,Dorey,Dicty,ddicty1c@slate.com,Female,Armenian
50,Cart,Twamley,ctwamley1d@moonfruit.com,Male,Hiri Motu
51,Yettie,De Ruggiero,yderuggiero1e@dagondesign.com,Female,Azeri
52,Clarette,Gillani,cgillani1f@tuttocitta.it,Female,Ndebele
53,Gabe,Robertelli,grobertelli1g@yahoo.co.jp,Male,Azeri
54,Innis,Caddock,icaddock1h@abc.net.au,Male,Persian
55,Missie,Lucus,mlucus1i@alexa.com,Female,Northern Sotho
56,Lotte,Huffy,lhuffy1j@wikipedia.org,Female,Albanian
57,Dwain,Tomaello,dtomaello1k@t-online.de,Male,Yiddish
58,Myron,Knyvett,mknyvett1l@so-net.ne.jp,Male,Kyrgyz
59,Vicki,Aleksandrov,valeksandrov1m@prweb.com,Female,West Frisian
60,Rea,Samart,rsamart1n@squidoo.com,Female,Tajik
61,Gearalt,MacCurlye,gmaccurlye1o@sourceforge.net,Male,Armenian
62,Marguerite,Stavers,mstavers1p@census.gov,Female,Romanian
63,Erwin,Andrey,eandrey1q@blogspot.com,Male,Tok Pisin
64,Nanice,Curran,ncurran1r@foxnews.com,Female,Guaraní
65,Melloney,Bennough,mbennough1s@deviantart.com,Female,Yiddish
66,Felecia,Jugging,fjugging1t@tmall.com,Female,Romanian
67,Kitti,Nollet,knollet1u@pcworld.com,Female,Malayalam
68,Wayne,Snedden,wsnedden1v@usatoday.com,Male,Tetum
69,Niko,MacCaffrey,nmaccaffrey1w@nydailynews.com,Male,Dzongkha
70,Kordula,Patron,kpatron1x@ed.gov,Female,Finnish
71,Creigh,Nancekivell,cnancekivell1y@sphinn.com,Male,Lithuanian
72,Vitoria,Alennikov,valennikov1z@huffingtonpost.com,Female,Punjabi
73,Stacie,Elliman,selliman20@jigsy.com,Female,Malayalam
74,Mil,Gillease,mgillease21@booking.com,Female,Afrikaans
75,Kale,Wasielewicz,kwasielewicz22@alibaba.com,Male,Tamil
76,Jose,Naish,jnaish23@deviantart.com,Male,Somali
77,Sutherlan,Paulusch,spaulusch24@jalbum.net,Male,Georgian
78,Melamie,Fear,mfear25@1und1.de,Female,Assamese
79,Elga,Orris,eorris26@t-online.de,Female,Somali
80,Dorie,de la Valette Parisot,ddelavaletteparisot27@time.com,Female,Tsonga
81,Hugh,Ducket,hducket28@cdc.gov,Male,Bislama
82,Linn,Wetherburn,lwetherburn29@nyu.edu,Male,Indonesian
83,Giordano,Burberry,gburberry2a@cmu.edu,Male,New Zealand Sign Language
84,Andee,Danielot,adanielot2b@berkeley.edu,Female,Italian
85,Olwen,Putland,oputland2c@ask.com,Female,Swedish
86,Bennie,MacCague,bmaccague2d@technorati.com,Male,Georgian
87,Mariel,Mabbutt,mmabbutt2e@who.int,Female,Telugu
88,Gayle,Devons,gdevons2f@4shared.com,Male,Chinese
89,Godiva,Basham,gbasham2g@sbwire.com,Female,Kurdish
90,Reed,Brampton,rbrampton2h@ucsd.edu,Male,Kazakh
91,Noelyn,Innis,ninnis2i@jiathis.com,Female,Arabic
92,Jilli,Yushkov,jyushkov2j@huffingtonpost.com,Female,Icelandic
93,Joellen,Laurenson,jlaurenson2k@comsenz.com,Female,Belarusian
94,Connie,Baudichon,cbaudichon2l@yandex.ru,Male,Latvian
95,Bing,de Merida,bdemerida2m@pagesperso-orange.fr,Male,Tajik
96,Roy,Carstairs,rcarstairs2n@infoseek.co.jp,Male,Kurdish
97,Roanna,Wissby,rwissby2o@a8.net,Female,Hindi
98,Brandi,Georgievski,bgeorgievski2p@house.gov,Female,Khmer
99,Rutger,Meineking,rmeineking2q@fc2.com,Male,Kyrgyz
100,Putnam,Farrance,pfarrance2r@dailymotion.com,Male,Georgian
101,Pail,McOnie,pmconie2s@addthis.com,Male,Maltese
102,Brittan,Curl,bcurl2t@goodreads.com,Female,Ndebele
103,Ferdinand,Schaffel,fschaffel2u@tinyurl.com,Male,Northern Sotho
104,Harrie,Rivilis,hrivilis2v@com.com,Female,Gujarati
105,Siouxie,Swadlinge,sswadlinge2w@freewebs.com,Female,Hiri Motu
106,Arni,Sauvage,asauvage2x@ibm.com,Male,Norwegian
107,Tucky,Hincks,thincks2y@shutterfly.com,Male,Greek
108,Lucas,Birchall,lbirchall2z@tmall.com,Male,Afrikaans
109,Ulrika,Rickwood,urickwood30@smh.com.au,Female,Czech
110,Pennie,Jorissen,pjorissen31@fema.gov,Female,Arabic
111,Lazare,Sandcraft,lsandcraft32@github.com,Male,Maltese
112,Elna,Blackbourn,eblackbourn33@nbcnews.com,Female,Marathi
113,Nilson,Fellona,nfellona34@blogger.com,Male,Thai
114,Trueman,Winfred,twinfred35@virginia.edu,Male,Hungarian
115,Haslett,Normant,hnormant36@feedburner.com,Male,Kazakh
116,Tana,Fussen,tfussen37@chicagotribune.com,Female,Nepali
117,Titos,Nisbith,tnisbith38@techcrunch.com,Male,Belarusian
118,Shell,Asbery,sasbery39@homestead.com,Male,Hebrew
119,Katuscha,Burnell,kburnell3a@squidoo.com,Female,Somali
120,Yorker,Clancey,yclancey3b@homestead.com,Male,Armenian
121,Darlleen,Fulcher,dfulcher3c@geocities.jp,Female,Czech
122,Marco,Kilgallon,mkilgallon3d@newsvine.com,Male,Māori
123,Ethelda,Busher,ebusher3e@pcworld.com,Female,Macedonian
124,Hewie,Pledger,hpledger3f@baidu.com,Male,Ndebele
125,Maxwell,Guille,mguille3g@weebly.com,Male,Kazakh
126,Karola,Di Bernardo,kdibernardo3h@uiuc.edu,Female,Telugu
127,Ebba,Dougary,edougary3i@theatlantic.com,Female,Oriya
128,Rice,De Bell,rdebell3j@technorati.com,Male,Yiddish
129,Garrot,Mum,gmum3k@skyrock.com,Male,Dzongkha
130,Frazier,Nayer,fnayer3l@washington.edu,Male,Hebrew
131,Ladonna,Radborn,lradborn3m@is.gd,Female,Maltese
132,Gwenette,Grabbam,ggrabbam3n@state.tx.us,Female,Tamil
133,Jenny,Christofle,jchristofle3o@webmd.com,Female,Estonian
134,Tasia,Hobbert,thobbert3p@istockphoto.com,Female,Hungarian
135,Berkly,Bertlin,bbertlin3q@huffingtonpost.com,Male,Montenegrin
136,Madalena,Boadby,mboadby3r@theguardian.com,Female,Māori
137,Sybilla,Yanshin,syanshin3s@unicef.org,Female,English
138,Storm,Wank,swank3t@forbes.com,Female,Guaraní
139,Peggie,Peagram,ppeagram3u@cmu.edu,Female,Icelandic
140,Lauralee,Sudell,lsudell3v@theguardian.com,Female,Armenian
141,Dudley,Eskell,deskell3w@umich.edu,Male,Marathi
142,Patrizia,Blower,pblower3x@aboutads.info,Female,Albanian
143,Courtney,Embleton,cembleton3y@uol.com.br,Male,Gagauz
144,Berkly,Borges,bborges3z@unicef.org,Male,Kyrgyz
145,Hermon,Dyton,hdyton40@vinaora.com,Male,Finnish
146,Farra,Renoden,frenoden41@surveymonkey.com,Female,Spanish
147,Erick,Howcroft,ehowcroft42@behance.net,Male,Estonian
148,Loella,Pratchett,lpratchett43@dropbox.com,Female,Moldovan
149,Sheree,Allitt,sallitt44@facebook.com,Female,Bulgarian
150,Clovis,Petrelli,cpetrelli45@msu.edu,Female,Hungarian
151,Beth,Learned,blearned46@paypal.com,Female,Ndebele
152,Ashil,Coston,acoston47@imageshack.us,Female,Albanian
153,Lise,Scamp,lscamp48@about.me,Female,Tamil
154,Hermann,Chichgar,hchichgar49@umich.edu,Male,Swati
155,Marlane,Duncklee,mduncklee4a@theglobeandmail.com,Female,Icelandic
156,Barbabra,Hammor,bhammor4b@soundcloud.com,Female,Luxembourgish
157,Bea,Upsale,bupsale4c@nature.com,Female,Azeri
158,Melvin,Gadsby,mgadsby4d@weibo.com,Male,Moldovan
159,Angel,Gronaver,agronaver4e@irs.gov,Female,Irish Gaelic
160,Fanchon,Snodin,fsnodin4f@engadget.com,Female,Somali
161,Perrine,Tennick,ptennick4g@wp.com,Female,Tamil
162,Skyler,Griniov,sgriniov4h@oracle.com,Male,Tetum
163,Trina,Cudmore,tcudmore4i@spiegel.de,Female,Assamese
164,Rivi,Asman,rasman4j@skype.com,Female,Bulgarian
165,Afton,Assiratti,aassiratti4k@alibaba.com,Female,Kurdish
166,Baillie,Huddle,bhuddle4l@mail.ru,Male,Guaraní
167,Emogene,Bodycote,ebodycote4m@hud.gov,Female,Arabic
168,Paolo,Sinclar,psinclar4n@photobucket.com,Male,Bislama
169,Fawnia,Growden,fgrowden4o@shareasale.com,Female,Assamese
170,Umberto,O'Halleghane,uohalleghane4p@chron.com,Male,Swahili
171,Minor,Freed,mfreed4q@miitbeian.gov.cn,Male,Bosnian
172,Hershel,Blase,hblase4r@yandex.ru,Male,French
173,Jackson,Cramb,jcramb4s@youtube.com,Male,Czech
174,Reinhard,Sijmons,rsijmons4t@springer.com,Male,Polish
175,Alasdair,Burtwell,aburtwell4u@psu.edu,Male,Moldovan
176,Felicia,Luquet,fluquet4v@vkontakte.ru,Female,Oriya
177,Vanna,Sadlier,vsadlier4w@surveymonkey.com,Female,New Zealand Sign Language
178,Raoul,Busk,rbusk4x@cornell.edu,Male,Māori
179,Flinn,Parkman,fparkman4y@1und1.de,Male,Yiddish
180,Barrie,Ghidetti,bghidetti4z@arizona.edu,Male,Khmer
181,Germaine,Commings,gcommings50@nydailynews.com,Female,Italian
182,Rebecca,Gounot,rgounot51@ox.ac.uk,Female,Māori
183,Kassey,Hanrahan,khanrahan52@phoca.cz,Female,Tok Pisin
184,Sly,Staterfield,sstaterfield53@joomla.org,Male,Afrikaans
185,Brady,Ellerby,bellerby54@cafepress.com,Male,Czech
186,Anissa,Jancar,ajancar55@upenn.edu,Female,Bengali
187,Kelsey,Christofides,kchristofides56@google.com,Female,Gagauz
188,Jeromy,Pasmore,jpasmore57@lulu.com,Male,Tajik
189,Ricca,Smeuin,rsmeuin58@latimes.com,Female,Papiamento
190,Karlotta,O'Roan,koroan59@biblegateway.com,Female,English
191,Dean,Curwood,dcurwood5a@uiuc.edu,Male,Dhivehi
192,Konstanze,Sherme,ksherme5b@google.com.br,Female,Azeri
193,Myles,Krienke,mkrienke5c@oakley.com,Male,Czech
194,Callida,Gimert,cgimert5d@netlog.com,Female,Telugu
195,Rafaelia,Hurl,rhurl5e@youku.com,Female,Hungarian
196,Donna,Antoniak,dantoniak5f@soup.io,Female,Hebrew
197,Danna,Treadway,dtreadway5g@hubpages.com,Female,Dhivehi
198,Keary,Randalson,krandalson5h@yelp.com,Male,Māori
199,Willie,Weldon,wweldon5i@icq.com,Female,Kashmiri
200,Carny,Shiell,cshiell5j@addthis.com,Male,Filipino
201,Merrilee,Coling,mcoling5k@nydailynews.com,Female,Lao
202,Alica,Kuller,akuller5l@hud.gov,Female,Aymara
203,Wilton,Greedyer,wgreedyer5m@google.cn,Male,Tsonga
204,Clayborn,Clipson,cclipson5n@bizjournals.com,Male,Tok Pisin
205,Weider,Ranby,wranby5o@virginia.edu,Male,Indonesian
206,Archaimbaud,Spensly,aspensly5p@newsvine.com,Male,Georgian
207,Catherin,Treherne,ctreherne5q@quantcast.com,Female,Norwegian
208,Idell,Platts,iplatts5r@dagondesign.com,Female,Punjabi
209,Courtenay,Swale,cswale5s@skype.com,Female,Portuguese
210,Gerrie,Hallifax,ghallifax5t@pcworld.com,Female,New Zealand Sign Language
211,Tricia,Simion,tsimion5u@wikipedia.org,Female,Bosnian
212,Richy,Garmey,rgarmey5v@tamu.edu,Male,Irish Gaelic
213,Elianore,Bastow,ebastow5w@e-recht24.de,Female,Italian
214,Ashly,Petett,apetett5x@google.de,Female,Dari
215,Nonie,Baughn,nbaughn5y@icq.com,Female,Danish
216,Iosep,Kohlerman,ikohlerman5z@nasa.gov,Male,Irish Gaelic
217,Ulrich,Cheng,ucheng60@sitemeter.com,Male,Croatian
218,Amy,Matfin,amatfin61@samsung.com,Female,Romanian
219,Kelby,Ferrie,kferrie62@e-recht24.de,Male,Khmer
220,Douglass,Gillow,dgillow63@taobao.com,Male,Lao
221,Emanuel,McTerlagh,emcterlagh64@reverbnation.com,Male,Sotho
222,Rosemarie,Bricklebank,rbricklebank65@technorati.com,Female,Persian
223,Evered,Naylor,enaylor66@ca.gov,Male,Burmese
224,Dolph,McNair,dmcnair67@diigo.com,Male,Bulgarian
225,Stephine,Stather,sstather68@spiegel.de,Female,Czech
226,Viviene,Blower,vblower69@networksolutions.com,Female,Icelandic
227,Alastair,Menelaws,amenelaws6a@toplist.cz,Male,Polish
228,Jerome,Wilbud,jwilbud6b@rakuten.co.jp,Male,Hindi
229,Tresa,D'Alessio,tdalessio6c@imageshack.us,Female,German
230,Vonny,Bearns,vbearns6d@yelp.com,Female,West Frisian
231,Lorry,Fenty,lfenty6e@google.fr,Male,Dari
232,Christa,Melmeth,cmelmeth6f@answers.com,Female,Northern Sotho
233,Peter,Thurstance,pthurstance6g@bravesites.com,Male,Bislama
234,Lyle,Godon,lgodon6h@soup.io,Male,Maltese
235,Stephenie,Tyas,styas6i@cisco.com,Female,Albanian
236,Derwin,Peat,dpeat6j@cargocollective.com,Male,Irish Gaelic
237,Camey,Bartholat,cbartholat6k@smh.com.au,Male,Thai
238,Moishe,Pengelley,mpengelley6l@usda.gov,Male,Luxembourgish
239,North,Dominey,ndominey6m@goodreads.com,Male,Korean
240,Delbert,MacAdam,dmacadam6n@si.edu,Male,Khmer
241,Bearnard,Roobottom,broobottom6o@imgur.com,Male,Northern Sotho
242,Ludvig,McNeillie,lmcneillie6p@answers.com,Male,Assamese
243,Eada,Piddlehinton,epiddlehinton6q@google.cn,Female,Moldovan
244,Bendick,Gommowe,bgommowe6r@xrea.com,Male,Georgian
245,Mart,MacKenny,mmackenny6s@vk.com,Male,Thai
246,Britney,Kloss,bkloss6t@mail.ru,Female,Haitian Creole
247,Egbert,Spittle,espittle6u@yandex.ru,Male,Punjabi
248,Ardelle,Ziehm,aziehm6v@buzzfeed.com,Female,Fijian
249,Olga,Linnane,olinnane6w@tamu.edu,Female,Filipino
250,Shepard,Canete,scanete6x@earthlink.net,Male,Amharic
251,Prent,Featherston,pfeatherston6y@google.de,Male,Norwegian
252,Binni,Insley,binsley6z@alexa.com,Female,Fijian
253,Norina,Soares,nsoares70@ask.com,Female,Montenegrin
254,Latisha,Davidovics,ldavidovics71@hao123.com,Female,Hebrew
255,Kristian,Ahrens,kahrens72@tmall.com,Male,Kannada
256,Florry,Broadstock,fbroadstock73@ucoz.com,Female,Guaraní
257,Delmer,Rennix,drennix74@rakuten.co.jp,Male,Assamese
258,Pammy,Keywood,pkeywood75@answers.com,Female,Kazakh
259,Mackenzie,Perelli,mperelli76@howstuffworks.com,Male,Pashto
260,Marshal,Wyrill,mwyrill77@freewebs.com,Male,Mongolian
261,Alexandro,Joselovitch,ajoselovitch78@booking.com,Male,Kazakh
262,Neils,Point,npoint79@msn.com,Male,Bosnian
263,Muire,Swash,mswash7a@arstechnica.com,Female,Portuguese
264,Torey,Vanyatin,tvanyatin7b@ehow.com,Male,Bulgarian
265,Bel,McKie,bmckie7c@springer.com,Female,Arabic
266,Rozele,Sclater,rsclater7d@netscape.com,Female,Bengali
267,Aggy,Ogles,aogles7e@amazon.com,Female,Dutch
268,Mark,Beadon,mbeadon7f@vimeo.com,Male,Tamil
269,Kristin,McGeachie,kmcgeachie7g@csmonitor.com,Female,Lithuanian
270,Der,Mannock,dmannock7h@miibeian.gov.cn,Male,Moldovan
271,Loretta,Padefield,lpadefield7i@yolasite.com,Female,Montenegrin
272,Kakalina,Pigny,kpigny7j@google.it,Female,Fijian
273,Phillipe,Paulmann,ppaulmann7k@mit.edu,Male,Luxembourgish
274,Raymond,Dobkin,rdobkin7l@netvibes.com,Male,Tetum
275,Jaquelyn,Clewes,jclewes7m@symantec.com,Female,Montenegrin
276,Ede,Stallion,estallion7n@abc.net.au,Female,Indonesian
277,Carlye,Monsey,cmonsey7o@etsy.com,Female,Kazakh
278,Gabie,Pashby,gpashby7p@umich.edu,Male,Hiri Motu
279,Derward,Ashwin,dashwin7q@dot.gov,Male,Tajik
280,Frans,Duiguid,fduiguid7r@blinklist.com,Male,Quechua
281,Darill,Callacher,dcallacher7s@blogtalkradio.com,Male,Zulu
282,Krissy,Joncic,kjoncic7t@msn.com,Female,Khmer
283,Patric,Kilty,pkilty7u@telegraph.co.uk,Male,Italian
284,Reyna,Lapthorn,rlapthorn7v@dyndns.org,Female,Dutch
285,Jaclyn,Outright,joutright7w@barnesandnoble.com,Female,Portuguese
286,Anatola,Garlett,agarlett7x@gravatar.com,Female,Spanish
287,Robbin,Mollindinia,rmollindinia7y@bandcamp.com,Female,Hindi
288,Nada,Ludlom,nludlom7z@cdbaby.com,Female,Somali
289,Nels,Grzesiewicz,ngrzesiewicz80@jiathis.com,Male,Hindi
290,Hartley,Schooley,hschooley81@wordpress.com,Male,Tsonga
291,Sandro,Mc Coughan,smccoughan82@usa.gov,Male,Malayalam
292,Kurt,Fulcher,kfulcher83@acquirethisname.com,Male,New Zealand Sign Language
293,Austin,Garment,agarment84@studiopress.com,Female,Guaraní
294,Brunhilda,Masding,bmasding85@nba.com,Female,Swahili
295,Gretna,Yakuntsov,gyakuntsov86@tamu.edu,Female,Thai
296,Hirsch,Spaule,hspaule87@cam.ac.uk,Male,Malayalam
297,Daisie,Manjot,dmanjot88@nba.com,Female,Marathi
298,Vonny,Baccas,vbaccas89@cnet.com,Female,Montenegrin
299,Hobie,Hargitt,hhargitt8a@miitbeian.gov.cn,Male,Romanian
300,Tam,Wainscot,twainscot8b@xrea.com,Male,Tok Pisin
301,Charmane,Korpal,ckorpal8c@bbb.org,Female,Oriya
302,Jewell,Prestie,jprestie8d@geocities.com,Female,Japanese
303,Talya,Martinot,tmartinot8e@noaa.gov,Female,Tamil
304,Addy,MacDearmid,amacdearmid8f@trellian.com,Male,Romanian
305,Felicio,Blackborough,fblackborough8g@miitbeian.gov.cn,Male,Quechua
306,Pavia,Caplis,pcaplis8h@jigsy.com,Female,Luxembourgish
307,Wolf,Whooley,wwhooley8i@tamu.edu,Male,Icelandic
308,Isa,Stickney,istickney8j@scribd.com,Female,Danish
309,Ethelred,Lanyon,elanyon8k@is.gd,Male,Marathi
310,Jessamine,Bamborough,jbamborough8l@cyberchimps.com,Female,Tswana
311,Maureene,Matzel,mmatzel8m@indiegogo.com,Female,Quechua
312,Denny,Shoebottom,dshoebottom8n@github.com,Male,Pashto
313,Levi,Germain,lgermain8o@thetimes.co.uk,Male,Japanese
314,Atlante,Beaston,abeaston8p@vkontakte.ru,Female,Tswana
315,Claus,Tregidgo,ctregidgo8q@feedburner.com,Male,Kurdish
316,Ram,McAster,rmcaster8r@yahoo.com,Male,Hindi
317,Chevy,Deboick,cdeboick8s@vk.com,Male,Swahili
318,Red,Hrishanok,rhrishanok8t@hao123.com,Male,Hiri Motu
319,Melloney,Maplethorpe,mmaplethorpe8u@imgur.com,Female,Estonian
320,Thurstan,Bovaird,tbovaird8v@adobe.com,Male,Guaraní
321,Angel,Nurcombe,anurcombe8w@addthis.com,Male,Filipino
322,Benetta,Fitzsymonds,bfitzsymonds8x@twitter.com,Female,Yiddish
323,Eustace,Klimentyev,eklimentyev8y@issuu.com,Male,Kazakh
324,Josie,Mighele,jmighele8z@alexa.com,Female,Tetum
325,Cherye,Reek,creek90@jimdo.com,Female,Lao
326,Melloney,Steere,msteere91@senate.gov,Female,Haitian Creole
327,Chadd,Otson,cotson92@nytimes.com,Male,Azeri
328,Del,Marran,dmarran93@alibaba.com,Female,Punjabi
329,Rickie,Surr,rsurr94@imageshack.us,Female,West Frisian
330,Leanor,Rousby,lrousby95@google.ru,Female,Kurdish
331,Vachel,Maciejewski,vmaciejewski96@jugem.jp,Male,New Zealand Sign Language
332,Annalise,Scholard,ascholard97@addtoany.com,Female,Tsonga
333,Roscoe,Whayman,rwhayman98@nhs.uk,Male,Dari
334,Ginnifer,Bosomworth,gbosomworth99@miibeian.gov.cn,Female,Gujarati
335,Babette,Macrow,bmacrow9a@miitbeian.gov.cn,Female,Kashmiri
336,Chicky,Masey,cmasey9b@prnewswire.com,Male,Kurdish
337,Veradis,Branson,vbranson9c@posterous.com,Female,Somali
338,Aldo,Morson,amorson9d@nhs.uk,Male,Quechua
339,Augustus,Churchard,achurchard9e@360.cn,Male,Aymara
340,Carmelia,McLleese,cmclleese9f@npr.org,Female,Georgian
341,Melly,Buttery,mbuttery9g@theguardian.com,Female,Bulgarian
342,Alistair,Graveston,agraveston9h@bing.com,Male,Ndebele
343,Sergei,Cobbing,scobbing9i@google.fr,Male,Spanish
344,Kin,Farrer,kfarrer9j@stumbleupon.com,Male,Swahili
345,Hannis,Deares,hdeares9k@yelp.com,Female,Greek
346,Darcee,Gennerich,dgennerich9l@army.mil,Female,Chinese
347,Reuben,Denge,rdenge9m@imgur.com,Male,Oriya
348,Efren,Franzonetti,efranzonetti9n@usa.gov,Male,Irish Gaelic
349,Astra,Karlowicz,akarlowicz9o@weather.com,Female,Tok Pisin
350,Gerri,Wilkison,gwilkison9p@dailymail.co.uk,Female,Irish Gaelic
351,Ransom,Hillam,rhillam9q@thetimes.co.uk,Male,Sotho
352,Had,Golsthorp,hgolsthorp9r@smugmug.com,Male,Khmer
353,Tommi,Francais,tfrancais9s@hibu.com,Female,Kashmiri
354,Sybila,McPolin,smcpolin9t@washingtonpost.com,Female,Thai
355,Maridel,Gamon,mgamon9u@github.io,Female,Kashmiri
356,Tedda,Basindale,tbasindale9v@yandex.ru,Female,Thai
357,Loutitia,Bagshaw,lbagshaw9w@google.fr,Female,Japanese
358,Trish,Janowski,tjanowski9x@ustream.tv,Female,Nepali
359,Clark,Turland,cturland9y@dyndns.org,Male,Oriya
360,Ema,Farrell,efarrell9z@eepurl.com,Female,Armenian
361,Nicholle,Gilogly,ngiloglya0@independent.co.uk,Female,Maltese
362,Evangelina,Varah,evaraha1@multiply.com,Female,Armenian
363,Nollie,Shadwick,nshadwicka2@topsy.com,Female,Finnish
364,Elysia,Gaspar,egaspara3@irs.gov,Female,Tetum
365,Jarret,Robelet,jrobeleta4@nifty.com,Male,Amharic
366,Sutton,McSporon,smcsporona5@xrea.com,Male,New Zealand Sign Language
367,Rosetta,Pinkney,rpinkneya6@cafepress.com,Female,Ndebele
368,Jae,Goose,jgoosea7@domainmarket.com,Male,Ndebele
369,Ulick,McKoy,umckoya8@google.es,Male,Aymara
370,Carolann,McAuslene,cmcauslenea9@taobao.com,Female,Albanian
371,Drusy,Curme,dcurmeaa@nature.com,Female,Bosnian
372,Jeralee,Etuck,jetuckab@stanford.edu,Female,Tswana
373,Borg,Doni,bdoniac@redcross.org,Male,Tetum
374,Teriann,MacAughtrie,tmacaughtriead@vk.com,Female,Tetum
375,Shirl,Bleyman,sbleymanae@cmu.edu,Female,Malagasy
376,Bank,Harlowe,bharloweaf@histats.com,Male,Amharic
377,Grant,Prydden,gpryddenag@dailymail.co.uk,Male,Bosnian
378,Ilene,Kliner,iklinerah@harvard.edu,Female,Montenegrin
379,Vere,Banger,vbangerai@aol.com,Female,Yiddish
380,Derby,Solleme,dsollemeaj@abc.net.au,Male,Polish
381,Perla,Mapholm,pmapholmak@admin.ch,Female,Tok Pisin
382,Petronella,Shoebotham,pshoebothamal@netvibes.com,Female,Quechua
383,Fax,Moryson,fmorysonam@barnesandnoble.com,Male,Romanian
384,Kerrin,Baudino,kbaudinoan@qq.com,Female,Hebrew
385,Jeffrey,Lindmark,jlindmarkao@google.ru,Male,Croatian
386,Dione,Tolliday,dtollidayap@arizona.edu,Female,Georgian
387,Neila,Diaper,ndiaperaq@linkedin.com,Female,Bislama
388,Melloney,Tipperton,mtippertonar@cafepress.com,Female,Dhivehi
389,Oran,Gath,ogathas@marketwatch.com,Male,Hebrew
390,Isabella,Olcot,iolcotat@who.int,Female,Tswana
391,Hephzibah,Donnelly,hdonnellyau@nymag.com,Female,French
392,Maribelle,Brewer,mbrewerav@eventbrite.com,Female,Lithuanian
393,Garret,Hallyburton,ghallyburtonaw@storify.com,Male,Chinese
394,Bondon,Tamblingson,btamblingsonax@bloglines.com,Male,Bengali
395,Harlie,Cullin,hcullinay@microsoft.com,Female,Quechua
396,Tristan,Mcimmie,tmcimmieaz@microsoft.com,Male,Greek
397,Warde,Monson,wmonsonb0@nifty.com,Male,Tswana
398,Leelah,Roony,lroonyb1@goo.gl,Female,Moldovan
399,Leupold,Sycamore,lsycamoreb2@moonfruit.com,Male,Irish Gaelic
400,Robin,Bellelli,rbellellib3@skyrock.com,Male,Hiri Motu
401,Zulema,Tritton,ztrittonb4@elpais.com,Female,English
402,Madelle,Pocklington,mpocklingtonb5@prlog.org,Female,Lao
403,Niels,Brellin,nbrellinb6@topsy.com,Male,Malayalam
404,Hamilton,Aleksandrev,haleksandrevb7@google.fr,Male,Lithuanian
405,Petrina,Cobain,pcobainb8@mapy.cz,Female,Haitian Creole
406,Jakie,Izhak,jizhakb9@umn.edu,Male,Malayalam
407,Sibylla,Rosell,srosellba@ameblo.jp,Female,Gujarati
408,Sherman,Friese,sfriesebb@github.com,Male,Czech
409,Eydie,Bloor,ebloorbc@myspace.com,Female,Quechua
410,Nap,Pepis,npepisbd@msu.edu,Male,French
411,Sibeal,Macoun,smacounbe@i2i.jp,Female,Bengali
412,Kamila,Rizziello,krizziellobf@go.com,Female,Montenegrin
413,Christophorus,Bramwich,cbramwichbg@thetimes.co.uk,Male,Haitian Creole
414,Elli,Andersen,eandersenbh@amazon.com,Female,Dutch
415,Rafaelia,Deetlof,rdeetlofbi@psu.edu,Female,Marathi
416,Maire,Chaudhry,mchaudhrybj@ucsd.edu,Female,Kashmiri
417,Cherianne,Lansley,clansleybk@csmonitor.com,Female,Maltese
418,Morey,Petrishchev,mpetrishchevbl@ustream.tv,Male,Latvian
419,Carney,Blondel,cblondelbm@abc.net.au,Male,Swedish
420,Eldon,Taye,etayebn@oaic.gov.au,Male,Icelandic
421,Kendrick,Wortley,kwortleybo@discovery.com,Male,Norwegian
422,Barclay,Senchenko,bsenchenkobp@t.co,Male,Macedonian
423,Danita,Ells,dellsbq@de.vu,Female,Swahili
424,Yanaton,Benediktsson,ybenediktssonbr@dyndns.org,Male,Northern Sotho
425,Maxie,Mabb,mmabbbs@census.gov,Male,Bengali
426,Alexandr,Glasscoe,aglasscoebt@bluehost.com,Male,Polish
427,Maison,Cowwell,mcowwellbu@youtu.be,Male,Hungarian
428,Maurise,Crasswell,mcrasswellbv@umn.edu,Male,Gujarati
429,Tessy,Brownsworth,tbrownsworthbw@nature.com,Female,Thai
430,Hansiain,Bernardotte,hbernardottebx@adobe.com,Male,Swedish
431,Jordana,Cotterell,jcotterellby@dailymotion.com,Female,Tswana
432,Paulie,Hallas,phallasbz@technorati.com,Male,Malayalam
433,Haven,Griffoen,hgriffoenc0@google.cn,Male,Malagasy
434,Chad,Haylett,chaylettc1@qq.com,Male,Lao
435,Wendel,Hattiff,whattiffc2@symantec.com,Male,Telugu
436,Ertha,MacSkeaghan,emacskeaghanc3@discovery.com,Female,Tok Pisin
437,Jae,Chalfain,jchalfainc4@si.edu,Male,Montenegrin
438,Natividad,MacCosty,nmaccostyc5@csmonitor.com,Female,Finnish
439,Devy,Montel,dmontelc6@ucoz.com,Male,Irish Gaelic
440,Merrily,Helian,mhelianc7@people.com.cn,Female,Estonian
441,Baxy,Bier,bbierc8@blogtalkradio.com,Male,Bislama
442,Eydie,Yeardley,eyeardleyc9@stanford.edu,Female,Amharic
443,Jereme,Dyneley,jdyneleyca@hostgator.com,Male,Norwegian
444,Herculie,Geri,hgericb@google.com.hk,Male,Tamil
445,Karlis,McCarroll,kmccarrollcc@photobucket.com,Male,Marathi
446,Dena,Parsell,dparsellcd@vinaora.com,Female,Khmer
447,Jocelyn,Siebart,jsiebartce@boston.com,Female,Tsonga
448,Fielding,Moff,fmoffcf@163.com,Male,Telugu
449,Gaylor,Tsar,gtsarcg@nih.gov,Male,Hebrew
450,Shirline,Scrowby,sscrowbych@cdbaby.com,Female,Swahili
451,Philipa,Anderer,pandererci@dropbox.com,Female,Amharic
452,Phillipe,Gwalter,pgwaltercj@imgur.com,Male,Bosnian
453,Cassius,Piddle,cpiddleck@berkeley.edu,Male,Albanian
454,Xenos,Polamontayne,xpolamontaynecl@xing.com,Male,Marathi
455,Jennifer,Testin,jtestincm@hibu.com,Female,Punjabi
456,Chrystal,Fumagallo,cfumagallocn@instagram.com,Female,Greek
457,Wheeler,Siddle,wsiddleco@businesswire.com,Male,Burmese
458,Morrie,Infantino,minfantinocp@photobucket.com,Male,Afrikaans
459,Caitrin,Smeaton,csmeatoncq@kickstarter.com,Female,Somali
460,Clair,Boud,cboudcr@imageshack.us,Male,Georgian
461,Conchita,Whitlock,cwhitlockcs@princeton.edu,Female,Swati
462,Nicole,Frape,nfrapect@php.net,Female,Thai
463,Alfred,Philippeaux,aphilippeauxcu@tripod.com,Male,Icelandic
464,Selia,Wynrahame,swynrahamecv@addthis.com,Female,Telugu
465,Ethelin,Seville,esevillecw@mashable.com,Female,Burmese
466,Annette,Weems,aweemscx@bloomberg.com,Female,Māori
467,Salim,Faccini,sfaccinicy@booking.com,Male,Gujarati
468,Ailbert,Woloschin,awoloschincz@accuweather.com,Male,Khmer
469,Hurleigh,Cicchetto,hcicchettod0@ftc.gov,Male,Telugu
470,Brigitta,Dinley,bdinleyd1@etsy.com,Female,Catalan
471,Candy,Flanaghan,cflanaghand2@abc.net.au,Female,Spanish
472,Kelsey,Tinan,ktinand3@sina.com.cn,Female,Burmese
473,Tuckie,Ezzell,tezzelld4@wired.com,Male,New Zealand Sign Language
474,Bogey,Sparsholt,bsparsholtd5@uol.com.br,Male,Zulu
475,Ernaline,Kedwell,ekedwelld6@cnn.com,Female,Moldovan
476,Pebrook,Apple,pappled7@flickr.com,Male,Burmese
477,Mozes,Van de Velde,mvandevelded8@timesonline.co.uk,Male,Burmese
478,Bendicty,Windley,bwindleyd9@symantec.com,Male,Finnish
479,Kienan,Scamadin,kscamadinda@blogtalkradio.com,Male,Papiamento
480,Marvin,Burnyeat,mburnyeatdb@hibu.com,Male,German
481,Kiri,Bischof,kbischofdc@wordpress.com,Female,Northern Sotho
482,Saleem,Kemmish,skemmishdd@marriott.com,Male,Swedish
483,Cathryn,McNay,cmcnayde@github.io,Female,Telugu
484,Archambault,Syred,asyreddf@forbes.com,Male,West Frisian
485,Valaria,Calendar,vcalendardg@google.fr,Female,Pashto
486,Jacquette,Brislawn,jbrislawndh@bloglovin.com,Female,Maltese
487,Gale,Hutcheon,ghutcheondi@howstuffworks.com,Female,Northern Sotho
488,Lurleen,Saxton,lsaxtondj@guardian.co.uk,Female,Aymara
489,Jeramie,Carthy,jcarthydk@domainmarket.com,Male,Chinese
490,Adolf,Dodson,adodsondl@bbb.org,Male,Ndebele
491,Sidney,Hares,sharesdm@china.com.cn,Male,Yiddish
492,Solly,Sineath,ssineathdn@mediafire.com,Male,Thai
493,Merell,Lowden,mlowdendo@japanpost.jp,Male,Malayalam
494,Vannie,Fulstow,vfulstowdp@unicef.org,Female,Dhivehi
495,Kyle,Beddis,kbeddisdq@elpais.com,Male,Malay
496,Shela,Burras,sburrasdr@mayoclinic.com,Female,Bulgarian
497,Amelie,Nattriss,anattrissds@latimes.com,Female,Tswana
498,Rupert,Faye,rfayedt@mozilla.com,Male,Yiddish
499,Rice,Orviss,rorvissdu@merriam-webster.com,Male,Sotho
500,Odelia,Slamaker,oslamakerdv@elpais.com,Female,Hebrew
501,Lyda,Pattlel,lpattleldw@adobe.com,Female,Latvian
502,Tarrance,Winkworth,twinkworthdx@1und1.de,Male,Dari
503,Dina,Benger,dbengerdy@google.co.uk,Female,Burmese
504,Tobi,Crinion,tcriniondz@moonfruit.com,Female,Malay
505,Ester,Molohan,emolohane0@gmpg.org,Female,Bulgarian
506,Fernandina,Ivel,fivele1@who.int,Female,Tamil
507,Alisa,Dubery,aduberye2@dedecms.com,Female,Persian
508,Abey,Franceschielli,afranceschiellie3@artisteer.com,Male,Czech
509,Freddy,Cram,fcrame4@bandcamp.com,Female,Azeri
510,Obidiah,Lomasna,olomasnae5@hhs.gov,Male,Montenegrin
511,Fabien,Eliasson,feliassone6@google.nl,Male,Bengali
512,Aldwin,McGlone,amcglonee7@ustream.tv,Male,Hungarian
513,Maddie,Dymott,mdymotte8@shutterfly.com,Male,Azeri
514,Homer,Stear,hsteare9@marketwatch.com,Male,Tok Pisin
515,Benedikt,Nimmo,bnimmoea@nsw.gov.au,Male,Malagasy
516,Kimbell,Rikel,krikeleb@lulu.com,Male,Luxembourgish
517,Neddie,Renihan,nrenihanec@upenn.edu,Male,Lao
518,Gisela,Henriksson,ghenrikssoned@netlog.com,Female,Japanese
519,Harley,Kiffin,hkiffinee@youtu.be,Female,German
520,Marika,Shiril,mshirilef@liveinternet.ru,Female,Oriya
521,Becca,Bredgeland,bbredgelandeg@intel.com,Female,Hindi
522,Estevan,Clausen,eclauseneh@constantcontact.com,Male,Tamil
523,Antonino,O'Dunniom,aodunniomei@homestead.com,Male,Amharic
524,Berni,Gonzalez,bgonzalezej@timesonline.co.uk,Female,Hungarian
525,Raimondo,Dalbey,rdalbeyek@last.fm,Male,Danish
526,Stacy,Ivanikhin,sivanikhinel@desdev.cn,Male,Northern Sotho
527,Jorgan,Baptista,jbaptistaem@ihg.com,Male,Lao
528,Arlyne,Allred,aallreden@timesonline.co.uk,Female,Polish
529,Reube,Ielden,rieldeneo@irs.gov,Male,Tsonga
530,Jaynell,Pickrill,jpickrillep@smugmug.com,Female,Catalan
531,Lanae,Boyland,lboylandeq@techcrunch.com,Female,Tamil
532,Lola,Swaile,lswaileer@wikia.com,Female,Albanian
533,Hamnet,Mandal,hmandales@yellowpages.com,Male,Latvian
534,Libbey,Madill,lmadillet@sbwire.com,Female,Kurdish
535,Sella,Sarson,ssarsoneu@elpais.com,Female,Haitian Creole
536,Viole,Yekel,vyekelev@sbwire.com,Female,Marathi
537,Mayer,Wentworth,mwentworthew@nps.gov,Male,Malagasy
538,Maxim,Theze,mthezeex@google.pl,Male,Bosnian
539,Sayre,Silley,ssilleyey@hp.com,Female,Kashmiri
540,Marris,Bowton,mbowtonez@sciencedirect.com,Female,Kannada
541,Gwenneth,Pleaden,gpleadenf0@cafepress.com,Female,Norwegian
542,Marshal,Madill,mmadillf1@amazon.de,Male,Kannada
543,Mac,Meech,mmeechf2@com.com,Male,Chinese
544,Latia,MacRorie,lmacrorief3@biblegateway.com,Female,West Frisian
545,Allyson,I'anson,aiansonf4@opensource.org,Female,Malagasy
546,Megan,Kundert,mkundertf5@parallels.com,Female,Tajik
547,Mallory,Blankenship,mblankenshipf6@goo.ne.jp,Male,Italian
548,Anthea,Hacaud,ahacaudf7@webmd.com,Female,Pashto
549,Rena,Connal,rconnalf8@huffingtonpost.com,Female,Burmese
550,Theressa,Rosenzveig,trosenzveigf9@prlog.org,Female,Chinese
551,Alasdair,Oxborrow,aoxborrowfa@ihg.com,Male,Bosnian
552,Tim,Eul,teulfb@arizona.edu,Female,Dari
553,Britney,Vasyukhnov,bvasyukhnovfc@bluehost.com,Female,Dhivehi
554,Emma,Bernardt,ebernardtfd@youku.com,Female,Nepali
555,Frannie,Turbill,fturbillfe@instagram.com,Male,Filipino
556,Kit,Ganforthe,kganfortheff@bing.com,Male,Armenian
557,Tyrone,Shakspeare,tshakspearefg@ocn.ne.jp,Male,Māori
558,Dyanna,Gibling,dgiblingfh@digg.com,Female,Guaraní
559,Hermon,Aizic,haizicfi@feedburner.com,Male,Georgian
560,Christophorus,Crimp,ccrimpfj@51.la,Male,Tamil
561,Dinny,Benkhe,dbenkhefk@shinystat.com,Female,Albanian
562,Rodina,Pook,rpookfl@php.net,Female,Croatian
563,Marigold,Ber,mberfm@homestead.com,Female,Guaraní
564,Idalia,Lighten,ilightenfn@acquirethisname.com,Female,Kashmiri
565,Rudolph,Asken,raskenfo@deviantart.com,Male,Lithuanian
566,Salomo,Cadlock,scadlockfp@adobe.com,Male,Papiamento
567,Evin,Litterick,elitterickfq@google.com.br,Male,Hungarian
568,Howey,Cadamy,hcadamyfr@mac.com,Male,Gujarati
569,Spencer,Bithany,sbithanyfs@nydailynews.com,Male,Tetum
570,Justinian,Quilkin,jquilkinft@engadget.com,Male,Kurdish
571,Hayden,Finlater,hfinlaterfu@state.tx.us,Male,Hebrew
572,Josefa,Bayle,jbaylefv@cornell.edu,Female,Yiddish
573,Sebastien,Sandwick,ssandwickfw@patch.com,Male,Tamil
574,Brade,Killner,bkillnerfx@independent.co.uk,Male,Malagasy
575,Sherrie,Vasyagin,svasyaginfy@europa.eu,Female,Dutch
576,Northrop,Ashbrook,nashbrookfz@indiatimes.com,Male,Assamese
577,Florette,Wendover,fwendoverg0@furl.net,Female,Chinese
578,Anderea,Trazzi,atrazzig1@netvibes.com,Female,Kannada
579,Therine,McQuade,tmcquadeg2@about.com,Female,Quechua
580,Welsh,Hurt,whurtg3@meetup.com,Male,Kyrgyz
581,Vinny,Cestard,vcestardg4@google.com,Male,Montenegrin
582,Theresina,Kermath,tkermathg5@privacy.gov.au,Female,Ndebele
583,Randolf,Screach,rscreachg6@oakley.com,Male,Spanish
584,Ryun,Pacquet,rpacquetg7@dedecms.com,Male,Latvian
585,Woodrow,Cruess,wcruessg8@scientificamerican.com,Male,Marathi
586,Guenevere,Newtown,gnewtowng9@nsw.gov.au,Female,Papiamento
587,Hedvige,Blackmuir,hblackmuirga@histats.com,Female,Hebrew
588,Jarred,Ellam,jellamgb@xing.com,Male,Assamese
589,Halsy,Suddell,hsuddellgc@baidu.com,Male,Czech
590,Woodman,Maggill'Andreis,wmaggillandreisgd@people.com.cn,Male,Malagasy
591,Muhammad,Lovelace,mlovelacege@msu.edu,Male,Yiddish
592,Skippie,Emloch,semlochgf@networkadvertising.org,Male,Filipino
593,Keenan,Biasetti,kbiasettigg@sohu.com,Male,Kurdish
594,Sacha,McOrkil,smcorkilgh@cafepress.com,Female,Assamese
595,Scotty,Cabrer,scabrergi@dropbox.com,Male,English
596,Jarret,Grishukhin,jgrishukhingj@seesaa.net,Male,Gujarati
597,Lynde,Crowche,lcrowchegk@live.com,Female,Italian
598,Leicester,Hollow,lhollowgl@wp.com,Male,Italian
599,Fabiano,Glyde,fglydegm@exblog.jp,Male,Hebrew
600,Blair,Priter,bpritergn@tuttocitta.it,Male,Aymara
601,Alyson,Pepperell,apepperellgo@arizona.edu,Female,Portuguese
602,Chaddie,Gullis,cgullisgp@webs.com,Male,Hungarian
603,Eddi,Beirne,ebeirnegq@google.de,Female,Aymara
604,Joela,Guisby,jguisbygr@cisco.com,Female,Kyrgyz
605,Joelie,Fay,jfaygs@godaddy.com,Female,Ndebele
606,Prentiss,Iohananof,piohananofgt@wiley.com,Male,Swati
607,Farleigh,Bamber,fbambergu@archive.org,Male,Greek
608,Manda,Blackshaw,mblackshawgv@sfgate.com,Female,Quechua
609,Vita,Oxnam,voxnamgw@tiny.cc,Female,Tamil
610,Muffin,Kehir,mkehirgx@va.gov,Male,Hiri Motu
611,Cornelle,Loalday,cloaldaygy@state.tx.us,Female,Tetum
612,Margette,Allom,mallomgz@independent.co.uk,Female,Danish
613,Klarika,Reekie,kreekieh0@cdbaby.com,Female,Spanish
614,Enrichetta,Collman,ecollmanh1@google.co.jp,Female,Zulu
615,Leanna,Sheasby,lsheasbyh2@amazon.de,Female,Northern Sotho
616,Bret,Mintoff,bmintoffh3@epa.gov,Male,Lithuanian
617,Seline,Crowth,scrowthh4@privacy.gov.au,Female,Amharic
618,Barnett,Hairyes,bhairyesh5@digg.com,Male,Indonesian
619,Alvan,Ratnage,aratnageh6@fotki.com,Male,Tok Pisin
620,Margery,Giffkins,mgiffkinsh7@google.de,Female,Kurdish
621,Curry,Sebyer,csebyerh8@dmoz.org,Male,Thai
622,Benn,Emmanuel,bemmanuelh9@admin.ch,Male,Sotho
623,Carley,Mc Coughan,cmccoughanha@phpbb.com,Female,Tetum
624,Mozes,Brealey,mbrealeyhb@soundcloud.com,Male,Swati
625,Melodie,Fewless,mfewlesshc@joomla.org,Female,Bulgarian
626,Arliene,Strasse,astrassehd@bbc.co.uk,Female,Yiddish
627,Lesley,Crumb,lcrumbhe@marketwatch.com,Female,Georgian
628,Ros,Ferrarone,rferraronehf@vkontakte.ru,Female,Czech
629,Xever,Hentzeler,xhentzelerhg@comcast.net,Male,Tamil
630,Biddie,Tebb,btebbhh@soundcloud.com,Female,Korean
631,Jenilee,Jarley,jjarleyhi@de.vu,Female,Hebrew
632,Toby,Padley,tpadleyhj@narod.ru,Female,Filipino
633,Corrina,Awcock,cawcockhk@wunderground.com,Female,Papiamento
634,Bari,Sterndale,bsterndalehl@pen.io,Female,Luxembourgish
635,Ty,Marchbank,tmarchbankhm@google.es,Male,Khmer
636,Monty,Coveney,mcoveneyhn@mac.com,Male,Icelandic
637,Colby,Crossdale,ccrossdaleho@nbcnews.com,Male,Kashmiri
638,Liesa,Mellodey,lmellodeyhp@mac.com,Female,Danish
639,Jule,Doherty,jdohertyhq@furl.net,Male,Tajik
640,Bran,Pride,bpridehr@samsung.com,Male,Czech
641,Shirley,Lugden,slugdenhs@slideshare.net,Female,Assamese
642,Milly,Ciccotti,mciccottiht@goo.ne.jp,Female,Marathi
643,Odelle,Annets,oannetshu@about.me,Female,Filipino
644,Nikolaos,Auton,nautonhv@berkeley.edu,Male,Hiri Motu
645,Hedvig,Palin,hpalinhw@hp.com,Female,Latvian
646,Cirillo,Cardoo,ccardoohx@nih.gov,Male,Quechua
647,Walliw,Kent,wkenthy@smh.com.au,Female,Marathi
648,Joelly,Farrand,jfarrandhz@dyndns.org,Female,Spanish
649,Anselm,Okill,aokilli0@macromedia.com,Male,Bulgarian
650,Carlye,Diglin,cdiglini1@google.com,Female,Tswana
651,Delaney,Andrieux,dandrieuxi2@amazon.de,Male,Hungarian
652,Felisha,McClifferty,fmccliffertyi3@istockphoto.com,Female,Luxembourgish
653,Terrye,Titchener,ttitcheneri4@ehow.com,Female,Spanish
654,Scarlett,Raisher,sraisheri5@usa.gov,Female,Assamese
655,Brendin,Laybourn,blaybourni6@hostgator.com,Male,Croatian
656,Inga,Graeser,igraeseri7@123-reg.co.uk,Female,Gagauz
657,Edwina,Baseke,ebasekei8@booking.com,Female,Hiri Motu
658,Marylee,Pashba,mpashbai9@ucla.edu,Female,Montenegrin
659,Dion,Kopmann,dkopmannia@ustream.tv,Male,Maltese
660,Kara-lynn,Daulton,kdaultonib@privacy.gov.au,Female,Danish
661,Penrod,Trethewey,ptretheweyic@gizmodo.com,Male,Afrikaans
662,Rosanne,Checcucci,rcheccucciid@nymag.com,Female,Khmer
663,Trish,Cleave,tcleaveie@bravesites.com,Female,German
664,Carlita,Calderbank,ccalderbankif@ezinearticles.com,Female,Gagauz
665,Pavla,Bawme,pbawmeig@imdb.com,Female,Catalan
666,Elva,Hazel,ehazelih@opensource.org,Female,Catalan
667,Janith,Clunie,jclunieii@google.com.au,Female,Telugu
668,Tracey,Woodberry,twoodberryij@squarespace.com,Male,Papiamento
669,Holden,Margiotta,hmargiottaik@trellian.com,Male,Bosnian
670,Davie,Duckfield,dduckfieldil@latimes.com,Male,Catalan
671,Margareta,Halsworth,mhalsworthim@bravesites.com,Female,Haitian Creole
672,Roberta,Kislingbury,rkislingburyin@google.cn,Female,Finnish
673,Shanan,Nelsen,snelsenio@vistaprint.com,Male,Finnish
674,Osbourne,Fantini,ofantiniip@businessweek.com,Male,Afrikaans
675,Bartram,Debling,bdeblingiq@behance.net,Male,Italian
676,Christian,Baszniak,cbaszniakir@ehow.com,Male,Hindi
677,Lazare,Larmouth,llarmouthis@baidu.com,Male,Azeri
678,Jessey,Tugwell,jtugwellit@rediff.com,Male,Hebrew
679,Torry,Pipe,tpipeiu@prnewswire.com,Male,Yiddish
680,Albertine,Colliard,acolliardiv@mediafire.com,Female,Fijian
681,Hollyanne,Buckenham,hbuckenhamiw@reference.com,Female,Tajik
682,Belinda,Fries,bfriesix@howstuffworks.com,Female,Catalan
683,Chrysa,Djekovic,cdjekoviciy@dell.com,Female,Kurdish
684,Mattheus,Dumbare,mdumbareiz@vinaora.com,Male,Lao
685,Claybourne,Nequest,cnequestj0@nba.com,Male,Tamil
686,Florella,Vallis,fvallisj1@ebay.com,Female,Fijian
687,Kelsey,Shubotham,kshubothamj2@flavors.me,Male,Ndebele
688,Phillipp,Sutterby,psutterbyj3@friendfeed.com,Male,Persian
689,Laurie,Livesay,llivesayj4@domainmarket.com,Female,French
690,Shermie,Tantum,stantumj5@photobucket.com,Male,Tajik
691,Allyn,Cherrington,acherringtonj6@irs.gov,Male,New Zealand Sign Language
692,Dorie,Bambury,dbamburyj7@who.int,Male,Pashto
693,Ruthanne,Skrzynski,rskrzynskij8@state.tx.us,Female,Korean
694,Aubrey,Gutowska,agutowskaj9@i2i.jp,Male,Assamese
695,Brook,Greenlies,bgreenliesja@europa.eu,Male,Macedonian
696,Candis,Boutcher,cboutcherjb@hp.com,Female,Korean
697,Odette,Ickovicz,oickoviczjc@smh.com.au,Female,New Zealand Sign Language
698,Basilio,Glasscock,bglasscockjd@webmd.com,Male,Papiamento
699,Jemima,Tant,jtantje@weibo.com,Female,Pashto
700,Selena,Moneti,smonetijf@mozilla.org,Female,Dzongkha
701,Libbie,Caccavari,lcaccavarijg@indiegogo.com,Female,New Zealand Sign Language
702,Pepi,Feavyour,pfeavyourjh@nps.gov,Female,Dari
703,Dix,Earey,deareyji@paypal.com,Female,Italian
704,Goraud,Annell,gannelljj@time.com,Male,Amharic
705,Pepita,Beyne,pbeynejk@npr.org,Female,New Zealand Sign Language
706,Nickey,Giddons,ngiddonsjl@ted.com,Male,Afrikaans
707,Cairistiona,Woodberry,cwoodberryjm@google.ca,Female,Portuguese
708,Monro,Extence,mextencejn@blogger.com,Male,Portuguese
709,Raynor,Hawkey,rhawkeyjo@hibu.com,Male,Kashmiri
710,Christalle,Leverett,cleverettjp@microsoft.com,Female,Korean
711,Ruttger,Reagan,rreaganjq@ezinearticles.com,Male,Thai
712,Carolus,Ciani,ccianijr@hibu.com,Male,Pashto
713,Stanleigh,Laight,slaightjs@usnews.com,Male,Gagauz
714,Morly,Jakoviljevic,mjakoviljevicjt@nbcnews.com,Male,Croatian
715,Alejandra,Marron,amarronju@webnode.com,Female,Aymara
716,Farlay,McGreay,fmcgreayjv@miitbeian.gov.cn,Male,Japanese
717,Aymer,Brouwer,abrouwerjw@wired.com,Male,Tetum
718,Kathleen,Branni,kbrannijx@narod.ru,Female,Luxembourgish
719,Wilt,Bonus,wbonusjy@washington.edu,Male,Finnish
720,Mendel,Bygreaves,mbygreavesjz@nps.gov,Male,Telugu
721,Arturo,Setchell,asetchellk0@telegraph.co.uk,Male,New Zealand Sign Language
722,Edward,Sparling,esparlingk1@nba.com,Male,Sotho
723,Rhonda,St. Quentin,rstquentink2@webeden.co.uk,Female,Malay
724,Jocelin,Antuk,jantukk3@prnewswire.com,Female,Bislama
725,Lurleen,Mayhew,lmayhewk4@ovh.net,Female,Croatian
726,Hardy,Daniells,hdaniellsk5@joomla.org,Male,Tsonga
727,Walker,Yeude,wyeudek6@about.me,Male,Swati
728,Charmine,Wastie,cwastiek7@springer.com,Female,Georgian
729,Roxanna,Owbrick,rowbrickk8@jalbum.net,Female,Quechua
730,Lauren,Suddick,lsuddickk9@gravatar.com,Female,Indonesian
731,Madonna,Rides,mrideska@amazon.com,Female,Montenegrin
732,Penny,Dendle,pdendlekb@nifty.com,Female,Gujarati
733,Brannon,Fontenot,bfontenotkc@surveymonkey.com,Male,Filipino
734,Sandie,Stones,sstoneskd@ifeng.com,Female,Khmer
735,Chaim,Mobberley,cmobberleyke@cloudflare.com,Male,West Frisian
736,Stormy,Quenby,squenbykf@about.me,Female,Somali
737,Dulcy,Innis,dinniskg@hao123.com,Female,Kyrgyz
738,Rodrigo,Claypole,rclaypolekh@mediafire.com,Male,Lithuanian
739,Ives,Arnson,iarnsonki@elpais.com,Male,Zulu
740,Harman,Dunguy,hdunguykj@merriam-webster.com,Male,Hindi
741,Charmian,McKew,cmckewkk@com.com,Female,Oriya
742,Sara-ann,Chazelle,schazellekl@cyberchimps.com,Female,Nepali
743,Claiborne,Di Giorgio,cdigiorgiokm@creativecommons.org,Male,Malay
744,Sharyl,Connal,sconnalkn@un.org,Female,Indonesian
745,Denise,Allchorn,dallchornko@pen.io,Female,Hindi
746,Consalve,Gully,cgullykp@sohu.com,Male,Tswana
747,Brandie,Falcus,bfalcuskq@mozilla.com,Female,Finnish
748,Zelig,Janouch,zjanouchkr@archive.org,Male,Belarusian
749,Ashleigh,Hornung,ahornungks@epa.gov,Female,Greek
750,Sophie,Willmetts,swillmettskt@trellian.com,Female,Kannada
751,Tuck,Lukesch,tlukeschku@timesonline.co.uk,Male,Tajik
752,Caryl,Cuer,ccuerkv@columbia.edu,Male,Albanian
753,Reinaldos,Caldera,rcalderakw@dyndns.org,Male,Somali
754,Ardene,Dumberell,adumberellkx@comsenz.com,Female,Azeri
755,Hermon,Sesser,hsesserky@tripod.com,Male,Telugu
756,Lloyd,Drains,ldrainskz@nifty.com,Male,Polish
757,L;urette,Robottham,lrobotthaml0@bbc.co.uk,Female,Malay
758,Igor,Pydcock,ipydcockl1@ifeng.com,Male,Montenegrin
759,Isabel,Clayton,iclaytonl2@oakley.com,Female,Greek
760,Idalia,Henric,ihenricl3@un.org,Female,Swati
761,Jacquenette,La Wille,jlawillel4@china.com.cn,Female,Mongolian
762,Annora,Blackie,ablackiel5@mozilla.com,Female,Tamil
763,Osbert,Pulman,opulmanl6@odnoklassniki.ru,Male,Punjabi
764,Isador,Sherebrooke,isherebrookel7@weather.com,Male,Georgian
765,Uriah,Ireland,uirelandl8@nyu.edu,Male,Dutch
766,Mile,Charkham,mcharkhaml9@pagesperso-orange.fr,Male,Korean
767,Elmore,Skingle,eskinglela@sohu.com,Male,Fijian
768,Elsbeth,Trevor,etrevorlb@dedecms.com,Female,Ndebele
769,Lucais,Lamcken,llamckenlc@bigcartel.com,Male,Albanian
770,Rosemonde,Schwandt,rschwandtld@jigsy.com,Female,Dutch
771,Chrisy,Aynold,caynoldle@shinystat.com,Male,Azeri
772,Genni,Winterflood,gwinterfloodlf@gnu.org,Female,Tamil
773,Ansley,Line,alinelg@wunderground.com,Female,Somali
774,Mohammed,Egerton,megertonlh@deliciousdays.com,Male,Tsonga
775,Jae,Dedney,jdedneyli@pinterest.com,Male,Yiddish
776,Othilie,Hartropp,ohartropplj@aboutads.info,Female,Swati
777,Siana,Betjeman,sbetjemanlk@purevolume.com,Female,Montenegrin
778,Nickolaus,McMurraya,nmcmurrayall@java.com,Male,Tamil
779,Cal,Eberz,ceberzlm@cafepress.com,Male,Yiddish
780,Eamon,Glasser,eglasserln@meetup.com,Male,Assamese
781,Auberta,Clemon,aclemonlo@who.int,Female,Tswana
782,Aaren,Pettigrew,apettigrewlp@chron.com,Female,Burmese
783,Gavan,Dot,gdotlq@opera.com,Male,Tajik
784,Lilia,Bosomworth,lbosomworthlr@ucla.edu,Female,Afrikaans
785,Irina,Easter,ieasterls@delicious.com,Female,Sotho
786,Evelyn,Cowope,ecowopelt@tamu.edu,Male,Yiddish
787,Caryl,Lewry,clewrylu@creativecommons.org,Male,Swahili
788,Consalve,Southerill,csoutherilllv@diigo.com,Male,Zulu
789,Ashlin,Alldread,aalldreadlw@yolasite.com,Male,Finnish
790,Currie,Spencook,cspencooklx@cbsnews.com,Male,Croatian
791,Dunn,Haggarth,dhaggarthly@privacy.gov.au,Male,Kyrgyz
792,Dario,Segeswoeth,dsegeswoethlz@gravatar.com,Male,Croatian
793,Harriett,Barnwall,hbarnwallm0@comsenz.com,Female,Yiddish
794,Teresa,Curtayne,tcurtaynem1@purevolume.com,Female,Czech
795,Ansel,Peirone,apeironem2@utexas.edu,Male,Aymara
796,Margaret,Budnk,mbudnkm3@nydailynews.com,Female,Persian
797,Rufe,Eldrid,reldridm4@arizona.edu,Male,Papiamento
798,Ede,Pryke,eprykem5@dedecms.com,Female,Czech
799,Pattin,Goves,pgovesm6@google.com.au,Male,Oriya
800,Dag,Lauthian,dlauthianm7@nydailynews.com,Male,Guaraní
801,Sophi,Rosel,sroselm8@blogspot.com,Female,Kashmiri
802,Lexie,Fenner,lfennerm9@artisteer.com,Female,Romanian
803,Armando,Markus,amarkusma@chron.com,Male,Luxembourgish
804,Marv,Clemendot,mclemendotmb@whitehouse.gov,Male,Zulu
805,Mendy,Emanson,memansonmc@ted.com,Male,Yiddish
806,Windy,Friese,wfriesemd@acquirethisname.com,Female,West Frisian
807,Nikolaos,Rolfe,nrolfeme@vinaora.com,Male,Tsonga
808,Rona,Gowdridge,rgowdridgemf@economist.com,Female,Mongolian
809,Cale,Forrestill,cforrestillmg@list-manage.com,Male,Greek
810,Jedd,Gianullo,jgianullomh@yelp.com,Male,Aymara
811,Skell,Gebhard,sgebhardmi@facebook.com,Male,Burmese
812,Hildagarde,Lehrer,hlehrermj@desdev.cn,Female,Hebrew
813,Minnnie,Batthew,mbatthewmk@jiathis.com,Female,Pashto
814,Ameline,Goulthorp,agoulthorpml@oracle.com,Female,Filipino
815,Killy,Sturt,ksturtmm@bluehost.com,Male,Assamese
816,Caty,Itzkowicz,citzkowiczmn@discovery.com,Female,Malay
817,Byrann,Barrowclough,bbarrowcloughmo@domainmarket.com,Male,Papiamento
818,Tasia,Flemmich,tflemmichmp@paginegialle.it,Female,Indonesian
819,Sande,Harrowing,sharrowingmq@networkadvertising.org,Female,Guaraní
820,Edan,Studeart,estudeartmr@biblegateway.com,Male,Pashto
821,Perceval,Krug,pkrugms@archive.org,Male,Bengali
822,Caitlin,Landers,clandersmt@nasa.gov,Female,Tamil
823,Cordell,Harling,charlingmu@scribd.com,Male,Latvian
824,Laryssa,Kubica,lkubicamv@sina.com.cn,Female,Hebrew
825,Waldon,Britzius,wbritziusmw@phpbb.com,Male,Czech
826,Adrianne,Tindley,atindleymx@chronoengine.com,Female,Malagasy
827,Gerry,Bainbridge,gbainbridgemy@ox.ac.uk,Male,Tajik
828,Aristotle,Aspenlon,aaspenlonmz@independent.co.uk,Male,Malagasy
829,Anne-corinne,Robertsson,arobertssonn0@marriott.com,Female,Kannada
830,Rici,Barfford,rbarffordn1@instagram.com,Female,Croatian
831,Randell,O'Collopy,rocollopyn2@toplist.cz,Male,Tsonga
832,Evonne,Stitt,estittn3@lulu.com,Female,Arabic
833,Beverie,Pistol,bpistoln4@java.com,Female,Tajik
834,Codie,Doohan,cdoohann5@yandex.ru,Male,Bislama
835,Tome,Cockcroft,tcockcroftn6@dailymail.co.uk,Male,Mongolian
836,Berton,Orgee,borgeen7@discovery.com,Male,Maltese
837,Julianna,Tortoise,jtortoisen8@wunderground.com,Female,Zulu
838,Gran,Waterhouse,gwaterhousen9@boston.com,Male,Tok Pisin
839,Kinnie,Methringham,kmethringhamna@simplemachines.org,Male,Korean
840,Temp,Spens,tspensnb@wikia.com,Male,West Frisian
841,Reyna,Roome,rroomenc@angelfire.com,Female,Moldovan
842,Ebonee,Hackelton,ehackeltonnd@comsenz.com,Female,Kashmiri
843,Elka,Dreinan,edreinanne@irs.gov,Female,Dari
844,Kara-lynn,Jaumet,kjaumetnf@bandcamp.com,Female,Dhivehi
845,Walther,Ryman,wrymanng@vkontakte.ru,Male,Assamese
846,Micky,O' Culligan,moculligannh@imgur.com,Male,Georgian
847,Micheal,Raynton,mrayntonni@wsj.com,Male,Icelandic
848,Gunner,Crighten,gcrightennj@bloglines.com,Male,Afrikaans
849,Audi,Prahm,aprahmnk@usa.gov,Female,Norwegian
850,Tomlin,Fancutt,tfancuttnl@fotki.com,Male,Norwegian
851,Franchot,Lamplough,flamploughnm@answers.com,Male,Chinese
852,Yorke,Bown,ybownnn@godaddy.com,Male,Chinese
853,Ellene,Barfitt,ebarfittno@nature.com,Female,Romanian
854,Garner,Daniau,gdaniaunp@hc360.com,Male,Lithuanian
855,Glen,Sickert,gsickertnq@businessinsider.com,Female,Nepali
856,Salomon,Gopsall,sgopsallnr@google.pl,Male,Burmese
857,Wood,De Bruin,wdebruinns@google.co.uk,Male,Persian
858,Morten,De Miranda,mdemirandant@dot.gov,Male,Kashmiri
859,Duky,Sedworth,dsedworthnu@admin.ch,Male,Dari
860,Bobbie,Seargeant,bseargeantnv@pagesperso-orange.fr,Male,Quechua
861,Becca,Sandcroft,bsandcroftnw@bloglines.com,Female,Arabic
862,Horten,Deetlefs,hdeetlefsnx@meetup.com,Male,Khmer
863,Jeanelle,Boys,jboysny@odnoklassniki.ru,Female,Kazakh
864,Sherwynd,Pearsey,spearseynz@tamu.edu,Male,Ndebele
865,Hardy,Hellyer,hhellyero0@ted.com,Male,Kurdish
866,Zebedee,Dayton,zdaytono1@naver.com,Male,Tsonga
867,Elsworth,Brightling,ebrightlingo2@sbwire.com,Male,Fijian
868,Ikey,Borsnall,iborsnallo3@ca.gov,Male,Tajik
869,Abramo,Parade,aparadeo4@businessinsider.com,Male,Belarusian
870,Rozalie,Kadd,rkaddo5@seesaa.net,Female,Portuguese
871,Wilie,Jecks,wjeckso6@army.mil,Female,Portuguese
872,Rafferty,Hearst,rhearsto7@harvard.edu,Male,Kannada
873,Hogan,Heinlein,hheinleino8@nih.gov,Male,Persian
874,Grier,Osmund,gosmundo9@zdnet.com,Female,Quechua
875,Prentice,Gower,pgoweroa@usatoday.com,Male,Bengali
876,Elicia,Farrell,efarrellob@ebay.com,Female,Assamese
877,Gill,Jewson,gjewsonoc@de.vu,Male,Greek
878,Estel,Argontt,eargonttod@mashable.com,Female,French
879,Cecilius,Franzonetti,cfranzonettioe@ted.com,Male,Icelandic
880,Alvan,Caslett,acaslettof@1688.com,Male,Gujarati
881,Ludwig,Pittock,lpittockog@nifty.com,Male,Icelandic
882,Jae,Navarro,jnavarrooh@sciencedaily.com,Male,Hungarian
883,Hal,Redish,hredishoi@stumbleupon.com,Male,Thai
884,Zelig,Hubery,zhuberyoj@usatoday.com,Male,Maltese
885,Jenny,Simonel,jsimonelok@histats.com,Female,Malagasy
886,Aubree,Rebichon,arebichonol@huffingtonpost.com,Female,Punjabi
887,Georgina,Dymoke,gdymokeom@ihg.com,Female,Albanian
888,Cyb,Lanston,clanstonon@ft.com,Female,Hungarian
889,Gonzales,Summerson,gsummersonoo@discovery.com,Male,Dzongkha
890,Morris,Tredger,mtredgerop@liveinternet.ru,Male,Oriya
891,Chariot,Snarr,csnarroq@whitehouse.gov,Male,Latvian
892,Steven,Gale,sgaleor@tripod.com,Male,Albanian
893,Bran,Fairbrass,bfairbrassos@google.com.au,Male,Māori
894,Fleming,Espy,fespyot@moonfruit.com,Male,Dzongkha
895,Adlai,Casse,acasseou@parallels.com,Male,Aymara
896,Jeanine,Westpfel,jwestpfelov@netvibes.com,Female,Tswana
897,Peggy,Vaneev,pvaneevow@goo.ne.jp,Female,Kurdish
898,Uriah,Kingscote,ukingscoteox@newsvine.com,Male,Irish Gaelic
899,Modestine,Blayney,mblayneyoy@jugem.jp,Female,Malagasy
900,Prentice,Reinard,preinardoz@newsvine.com,Male,Swati
901,Jacynth,Romanin,jromaninp0@hhs.gov,Female,Gagauz
902,Hi,Soughton,hsoughtonp1@apache.org,Male,Chinese
903,Janith,Lewton,jlewtonp2@bloglines.com,Female,Malagasy
904,Naoma,Hubbis,nhubbisp3@ftc.gov,Female,Afrikaans
905,Thorndike,Skeech,tskeechp4@comsenz.com,Male,Moldovan
906,Carlina,Lickorish,clickorishp5@elpais.com,Female,Kannada
907,Meryl,Foley,mfoleyp6@omniture.com,Male,Pashto
908,Kristyn,Stilly,kstillyp7@macromedia.com,Female,Hungarian
909,Cary,Scarth,cscarthp8@blog.com,Female,Latvian
910,Krishnah,Bywaters,kbywatersp9@wunderground.com,Male,English
911,Gasper,Maidment,gmaidmentpa@craigslist.org,Male,Dutch
912,Batsheva,Vardon,bvardonpb@aol.com,Female,Hungarian
913,Burtie,Ivery,biverypc@cnn.com,Male,Mongolian
914,Rogerio,Cowerd,rcowerdpd@ehow.com,Male,Assamese
915,Irwinn,Hegerty,ihegertype@gov.uk,Male,Oriya
916,Rodolphe,Ebbs,rebbspf@etsy.com,Male,Malayalam
917,Ashlan,Hanstock,ahanstockpg@wikipedia.org,Female,Khmer
918,Linc,Quig,lquigph@spotify.com,Male,Lao
919,Eustacia,Itzak,eitzakpi@delicious.com,Female,Kashmiri
920,Liesa,MacCallester,lmaccallesterpj@google.fr,Female,Dutch
921,Louisa,Fydo,lfydopk@homestead.com,Female,Lao
922,Job,Wastall,jwastallpl@ucsd.edu,Male,Ndebele
923,Ezmeralda,Earl,eearlpm@telegraph.co.uk,Female,Chinese
924,Valdemar,Frickey,vfrickeypn@dyndns.org,Male,Persian
925,Duncan,Eixenberger,deixenbergerpo@google.es,Male,Hiri Motu
926,Olin,Harford,oharfordpp@typepad.com,Male,Kazakh
927,Sorcha,Attlee,sattleepq@cargocollective.com,Female,Marathi
928,Henri,Pardy,hpardypr@bloglovin.com,Male,Assamese
929,Marilin,Cotterel,mcotterelps@businesswire.com,Female,Indonesian
930,Webb,Mowsdill,wmowsdillpt@webnode.com,Male,Macedonian
931,Cordell,Cheeke,ccheekepu@elpais.com,Male,Kazakh
932,Hew,Ortiga,hortigapv@tinypic.com,Male,Maltese
933,Kyrstin,Buckett,kbuckettpw@youtube.com,Female,Irish Gaelic
934,Freddie,Sammons,fsammonspx@amazon.co.uk,Male,Norwegian
935,Giraud,Seally,gseallypy@reddit.com,Male,Afrikaans
936,Isidora,Seilmann,iseilmannpz@domainmarket.com,Female,Afrikaans
937,Carny,Sheffield,csheffieldq0@dedecms.com,Male,Tok Pisin
938,Pembroke,Chumley,pchumleyq1@icio.us,Male,Kashmiri
939,Randell,Neylan,rneylanq2@tiny.cc,Male,Telugu
940,Cherice,Pearn,cpearnq3@shutterfly.com,Female,Guaraní
941,Emelyne,Finker,efinkerq4@prnewswire.com,Female,Dhivehi
942,Sebastiano,Hellyar,shellyarq5@ezinearticles.com,Male,Lao
943,Binnie,Duferie,bduferieq6@gravatar.com,Female,Hebrew
944,Nickola,Armer,narmerq7@ftc.gov,Male,Hebrew
945,Rock,Stubbeley,rstubbeleyq8@theatlantic.com,Male,Northern Sotho
946,Edvard,Faulo,efauloq9@is.gd,Male,Danish
947,Bank,Aldrick,baldrickqa@mapquest.com,Male,Afrikaans
948,Robbin,Petrovic,rpetrovicqb@cloudflare.com,Female,Latvian
949,Simonne,Drinkwater,sdrinkwaterqc@intel.com,Female,Kyrgyz
950,Moe,Awton,mawtonqd@samsung.com,Male,Tswana
951,Cristin,Steels,csteelsqe@google.co.uk,Female,Telugu
952,Mandel,Thick,mthickqf@nhs.uk,Male,Spanish
953,Demetra,Dericot,ddericotqg@a8.net,Female,Hebrew
954,D'arcy,Danhel,ddanhelqh@businessweek.com,Male,Papiamento
955,Pyotr,Willerson,pwillersonqi@theatlantic.com,Male,Maltese
956,Rebecka,O'Dogherty,rodoghertyqj@bbb.org,Female,Amharic
957,Westley,Scaice,wscaiceqk@netscape.com,Male,Malayalam
958,Fabien,Eick,feickql@ehow.com,Male,Dzongkha
959,Edwina,Bart,ebartqm@xrea.com,Female,Bulgarian
960,Shelagh,Elcombe,selcombeqn@geocities.jp,Female,Guaraní
961,Andrei,Rosone,arosoneqo@merriam-webster.com,Female,Guaraní
962,Stanislas,Hast,shastqp@tuttocitta.it,Male,Catalan
963,Forbes,McVitty,fmcvittyqq@ask.com,Male,Portuguese
964,Marrissa,Pach,mpachqr@businessinsider.com,Female,Telugu
965,Lexy,McWilliams,lmcwilliamsqs@mail.ru,Female,Dhivehi
966,Benedict,Kollasch,bkollaschqt@eventbrite.com,Male,Oriya
967,Dexter,Spohr,dspohrqu@istockphoto.com,Male,Yiddish
968,Joyce,Bryde,jbrydeqv@furl.net,Female,Amharic
969,Jorrie,Gilbard,jgilbardqw@hc360.com,Female,Finnish
970,Windham,Weins,wweinsqx@ft.com,Male,Punjabi
971,Eldin,Donovan,edonovanqy@accuweather.com,Male,Korean
972,Evonne,Witham,ewithamqz@dell.com,Female,Afrikaans
973,Barbee,MacAllan,bmacallanr0@prnewswire.com,Female,Mongolian
974,Carmelita,Reekie,creekier1@thetimes.co.uk,Female,Dhivehi
975,Stuart,Eaves,seavesr2@parallels.com,Male,Marathi
976,Caralie,Crates,ccratesr3@omniture.com,Female,Hindi
977,Bud,Popworth,bpopworthr4@irs.gov,Male,Tok Pisin
978,Charmaine,Tink,ctinkr5@feedburner.com,Female,Kyrgyz
979,Clayton,Paz,cpazr6@tripadvisor.com,Male,Finnish
980,Wheeler,Bollands,wbollandsr7@about.me,Male,Malay
981,Bil,Salway,bsalwayr8@xinhuanet.com,Male,Tsonga
982,Sutherland,Maris,smarisr9@archive.org,Male,Pashto
983,Darrell,Trewman,dtrewmanra@w3.org,Male,Filipino
984,Erv,Albasini,ealbasinirb@stanford.edu,Male,Punjabi
985,Elwira,Wenden,ewendenrc@va.gov,Female,Dhivehi
986,Sinclare,Thom,sthomrd@apple.com,Male,Marathi
987,Kurt,Emor,kemorre@nytimes.com,Male,Telugu
988,Janith,Symers,jsymersrf@aboutads.info,Female,Afrikaans
989,Emerson,Yateman,eyatemanrg@newsvine.com,Male,Gujarati
990,Akim,Bickerdyke,abickerdykerh@blogspot.com,Male,Estonian
991,Chery,Stanfield,cstanfieldri@globo.com,Female,Korean
992,Sibylle,Quimby,squimbyrj@vimeo.com,Female,Kyrgyz
993,Cullin,Maton,cmatonrk@apple.com,Male,Gujarati
994,Winnie,Pailin,wpailinrl@bluehost.com,Female,Dhivehi
995,Herman,Meredith,hmeredithrm@yelp.com,Male,Dari
996,Bambie,Woodrup,bwoodruprn@desdev.cn,Female,Haitian Creole
997,Elnar,Yitzhok,eyitzhokro@wisc.edu,Male,Swati
998,Danie,Milburn,dmilburnrp@hostgator.com,Male,Bislama
999,Lane,Lynthal,llynthalrq@jiathis.com,Female,Hindi
1000,Mick,Spenton,mspentonrr@chicagotribune.com,Male,Marathi
